{
  "n_annual": 0.011108702181075625,
  "n_quarterly": 0.0027656808897981873,
  "gamma_annual": 0.018032592465397013,
  "gamma_quarterly": 0.00447797976781794
}