{
  "n_annual": 0.010985273171580046,
  "n_quarterly": 0.002735076850696109,
  "gamma_annual": 0.01900000000000035,
  "gamma_quarterly": 0.004716526520585962,
  "gamma_calibrated": true
}