{
  "n_annual": 0.014323605809181572,
  "n_quarterly": 0.003561826314526063,
  "gamma_annual": 0.01900000000000035,
  "gamma_quarterly": 0.004716526520585962,
  "gamma_calibrated": true
}