{
  "n_annual": 0.010974447820360389,
  "n_quarterly": 0.002732392587319153,
  "gamma_annual": 0.019549203913983515,
  "gamma_quarterly": 0.004851875578480209,
  "gamma_calibrated": false,
  "detrend_method": "calgz",
  "base_idx": 112,
  "base_year_quarter": "2008Q1"
}